run_id,policy,n_tasks,horizon,busy_ticks,utilization,deadline_miss,unfinished_jobs
0,FPP,8,200000,156405,0.782025,0,0
run_id,policy,n_tasks,horizon,busy_ticks,utilization,deadline_miss,unfinished_jobs
1,FPP,8,200000,144368,0.721840,0,0
run_id,policy,n_tasks,horizon,busy_ticks,utilization,deadline_miss,unfinished_jobs
2,FPP,8,200000,178613,0.893065,11,1
run_id,policy,n_tasks,horizon,busy_ticks,utilization,deadline_miss,unfinished_jobs
3,FPP,8,200000,151478,0.757390,0,1
run_id,policy,n_tasks,horizon,busy_ticks,utilization,deadline_miss,unfinished_jobs
4,FPP,8,200000,149878,0.749390,0,0
run_id,policy,n_tasks,horizon,busy_ticks,utilization,deadline_miss,unfinished_jobs
5,FPP,8,200000,160256,0.801280,0,1
run_id,policy,n_tasks,horizon,busy_ticks,utilization,deadline_miss,unfinished_jobs
6,FPP,8,200000,156194,0.780970,0,3
run_id,policy,n_tasks,horizon,busy_ticks,utilization,deadline_miss,unfinished_jobs
7,FPP,8,200000,162787,0.813935,0,2
run_id,policy,n_tasks,horizon,busy_ticks,utilization,deadline_miss,unfinished_jobs
8,FPP,8,200000,156804,0.784020,0,1
run_id,policy,n_tasks,horizon,busy_ticks,utilization,deadline_miss,unfinished_jobs
9,FPP,8,200000,155299,0.776495,0,0
run_id,policy,n_tasks,horizon,busy_ticks,utilization,deadline_miss,unfinished_jobs
10,FPP,8,200000,162139,0.810695,0,0
run_id,policy,n_tasks,horizon,busy_ticks,utilization,deadline_miss,unfinished_jobs
11,FPP,8,200000,133116,0.665580,0,0
run_id,policy,n_tasks,horizon,busy_ticks,utilization,deadline_miss,unfinished_jobs
12,FPP,8,200000,176385,0.881925,0,0
run_id,policy,n_tasks,horizon,busy_ticks,utilization,deadline_miss,unfinished_jobs
13,FPP,8,200000,145604,0.728020,0,0
run_id,policy,n_tasks,horizon,busy_ticks,utilization,deadline_miss,unfinished_jobs
14,FPP,8,200000,142368,0.711840,0,1
run_id,policy,n_tasks,horizon,busy_ticks,utilization,deadline_miss,unfinished_jobs
15,FPP,8,200000,163977,0.819885,0,1
run_id,policy,n_tasks,horizon,busy_ticks,utilization,deadline_miss,unfinished_jobs
16,FPP,8,200000,177344,0.886720,2,0
run_id,policy,n_tasks,horizon,busy_ticks,utilization,deadline_miss,unfinished_jobs
17,FPP,8,200000,163815,0.819075,0,1
run_id,policy,n_tasks,horizon,busy_ticks,utilization,deadline_miss,unfinished_jobs
18,FPP,8,200000,162087,0.810435,0,1
run_id,policy,n_tasks,horizon,busy_ticks,utilization,deadline_miss,unfinished_jobs
19,FPP,8,200000,158655,0.793275,0,1
run_id,policy,n_tasks,horizon,busy_ticks,utilization,deadline_miss,unfinished_jobs
20,FPP,8,200000,164772,0.823860,0,0
run_id,policy,n_tasks,horizon,busy_ticks,utilization,deadline_miss,unfinished_jobs
21,FPP,8,200000,160845,0.804225,0,0
run_id,policy,n_tasks,horizon,busy_ticks,utilization,deadline_miss,unfinished_jobs
22,FPP,8,200000,166410,0.832050,1,0
run_id,policy,n_tasks,horizon,busy_ticks,utilization,deadline_miss,unfinished_jobs
23,FPP,8,200000,163229,0.816145,0,2
run_id,policy,n_tasks,horizon,busy_ticks,utilization,deadline_miss,unfinished_jobs
24,FPP,8,200000,157280,0.786400,0,1
run_id,policy,n_tasks,horizon,busy_ticks,utilization,deadline_miss,unfinished_jobs
25,FPP,8,200000,155497,0.777485,0,1
run_id,policy,n_tasks,horizon,busy_ticks,utilization,deadline_miss,unfinished_jobs
26,FPP,8,200000,152138,0.760690,0,1
run_id,policy,n_tasks,horizon,busy_ticks,utilization,deadline_miss,unfinished_jobs
27,FPP,8,200000,160024,0.800120,0,1
run_id,policy,n_tasks,horizon,busy_ticks,utilization,deadline_miss,unfinished_jobs
28,FPP,8,200000,165627,0.828135,0,1
run_id,policy,n_tasks,horizon,busy_ticks,utilization,deadline_miss,unfinished_jobs
29,FPP,8,200000,168349,0.841745,2,1
run_id,policy,n_tasks,horizon,busy_ticks,utilization,deadline_miss,unfinished_jobs
30,FPP,8,200000,161093,0.805465,0,0
run_id,policy,n_tasks,horizon,busy_ticks,utilization,deadline_miss,unfinished_jobs
31,FPP,8,200000,163395,0.816975,1,2
run_id,policy,n_tasks,horizon,busy_ticks,utilization,deadline_miss,unfinished_jobs
32,FPP,8,200000,155291,0.776455,0,1
run_id,policy,n_tasks,horizon,busy_ticks,utilization,deadline_miss,unfinished_jobs
33,FPP,8,200000,161876,0.809380,0,0
run_id,policy,n_tasks,horizon,busy_ticks,utilization,deadline_miss,unfinished_jobs
34,FPP,8,200000,166909,0.834545,0,2
run_id,policy,n_tasks,horizon,busy_ticks,utilization,deadline_miss,unfinished_jobs
35,FPP,8,200000,153670,0.768350,0,1
run_id,policy,n_tasks,horizon,busy_ticks,utilization,deadline_miss,unfinished_jobs
36,FPP,8,200000,165696,0.828480,0,0
run_id,policy,n_tasks,horizon,busy_ticks,utilization,deadline_miss,unfinished_jobs
37,FPP,8,200000,161821,0.809105,1,0
run_id,policy,n_tasks,horizon,busy_ticks,utilization,deadline_miss,unfinished_jobs
38,FPP,8,200000,163112,0.815560,1,2
run_id,policy,n_tasks,horizon,busy_ticks,utilization,deadline_miss,unfinished_jobs
39,FPP,8,200000,161234,0.806170,0,0
run_id,policy,n_tasks,horizon,busy_ticks,utilization,deadline_miss,unfinished_jobs
40,FPP,8,200000,169049,0.845245,0,2
run_id,policy,n_tasks,horizon,busy_ticks,utilization,deadline_miss,unfinished_jobs
41,FPP,8,200000,162257,0.811285,0,0
run_id,policy,n_tasks,horizon,busy_ticks,utilization,deadline_miss,unfinished_jobs
42,FPP,8,200000,151526,0.757630,0,0
run_id,policy,n_tasks,horizon,busy_ticks,utilization,deadline_miss,unfinished_jobs
43,FPP,8,200000,161256,0.806280,0,1
run_id,policy,n_tasks,horizon,busy_ticks,utilization,deadline_miss,unfinished_jobs
44,FPP,8,200000,164254,0.821270,0,2
run_id,policy,n_tasks,horizon,busy_ticks,utilization,deadline_miss,unfinished_jobs
45,FPP,8,200000,162769,0.813845,0,1
run_id,policy,n_tasks,horizon,busy_ticks,utilization,deadline_miss,unfinished_jobs
46,FPP,8,200000,164582,0.822910,0,1
run_id,policy,n_tasks,horizon,busy_ticks,utilization,deadline_miss,unfinished_jobs
47,FPP,8,200000,160143,0.800715,0,2
run_id,policy,n_tasks,horizon,busy_ticks,utilization,deadline_miss,unfinished_jobs
48,FPP,8,200000,157260,0.786300,0,0
run_id,policy,n_tasks,horizon,busy_ticks,utilization,deadline_miss,unfinished_jobs
49,FPP,8,200000,151525,0.757625,0,1
run_id,policy,n_tasks,horizon,busy_ticks,utilization,deadline_miss,unfinished_jobs
50,FPP,8,200000,155879,0.779395,0,0
run_id,policy,n_tasks,horizon,busy_ticks,utilization,deadline_miss,unfinished_jobs
51,FPP,8,200000,165336,0.826680,0,1
run_id,policy,n_tasks,horizon,busy_ticks,utilization,deadline_miss,unfinished_jobs
52,FPP,8,200000,162249,0.811245,0,1
run_id,policy,n_tasks,horizon,busy_ticks,utilization,deadline_miss,unfinished_jobs
53,FPP,8,200000,158696,0.793480,0,0
run_id,policy,n_tasks,horizon,busy_ticks,utilization,deadline_miss,unfinished_jobs
54,FPP,8,200000,161041,0.805205,0,0
run_id,policy,n_tasks,horizon,busy_ticks,utilization,deadline_miss,unfinished_jobs
55,FPP,8,200000,151192,0.755960,0,1
run_id,policy,n_tasks,horizon,busy_ticks,utilization,deadline_miss,unfinished_jobs
56,FPP,8,200000,153586,0.767930,0,2
run_id,policy,n_tasks,horizon,busy_ticks,utilization,deadline_miss,unfinished_jobs
57,FPP,8,200000,171456,0.857280,0,1
run_id,policy,n_tasks,horizon,busy_ticks,utilization,deadline_miss,unfinished_jobs
58,FPP,8,200000,171182,0.855910,0,0
run_id,policy,n_tasks,horizon,busy_ticks,utilization,deadline_miss,unfinished_jobs
59,FPP,8,200000,159367,0.796835,0,1
run_id,policy,n_tasks,horizon,busy_ticks,utilization,deadline_miss,unfinished_jobs
60,FPP,8,200000,173148,0.865740,3,1
run_id,policy,n_tasks,horizon,busy_ticks,utilization,deadline_miss,unfinished_jobs
61,FPP,8,200000,158072,0.790360,0,1
run_id,policy,n_tasks,horizon,busy_ticks,utilization,deadline_miss,unfinished_jobs
62,FPP,8,200000,156347,0.781735,0,2
run_id,policy,n_tasks,horizon,busy_ticks,utilization,deadline_miss,unfinished_jobs
63,FPP,8,200000,170254,0.851270,0,0
run_id,policy,n_tasks,horizon,busy_ticks,utilization,deadline_miss,unfinished_jobs
64,FPP,8,200000,161857,0.809285,0,0
run_id,policy,n_tasks,horizon,busy_ticks,utilization,deadline_miss,unfinished_jobs
65,FPP,8,200000,153440,0.767200,0,2
run_id,policy,n_tasks,horizon,busy_ticks,utilization,deadline_miss,unfinished_jobs
66,FPP,8,200000,170390,0.851950,0,1
run_id,policy,n_tasks,horizon,busy_ticks,utilization,deadline_miss,unfinished_jobs
67,FPP,8,200000,161779,0.808895,0,0
run_id,policy,n_tasks,horizon,busy_ticks,utilization,deadline_miss,unfinished_jobs
68,FPP,8,200000,158157,0.790785,0,0
run_id,policy,n_tasks,horizon,busy_ticks,utilization,deadline_miss,unfinished_jobs
69,FPP,8,200000,154145,0.770725,0,2
run_id,policy,n_tasks,horizon,busy_ticks,utilization,deadline_miss,unfinished_jobs
70,FPP,8,200000,161759,0.808795,0,1
run_id,policy,n_tasks,horizon,busy_ticks,utilization,deadline_miss,unfinished_jobs
71,FPP,8,200000,174840,0.874200,0,0
run_id,policy,n_tasks,horizon,busy_ticks,utilization,deadline_miss,unfinished_jobs
72,FPP,8,200000,161590,0.807950,0,2
run_id,policy,n_tasks,horizon,busy_ticks,utilization,deadline_miss,unfinished_jobs
73,FPP,8,200000,162997,0.814985,1,3
run_id,policy,n_tasks,horizon,busy_ticks,utilization,deadline_miss,unfinished_jobs
74,FPP,8,200000,164214,0.821070,0,0
run_id,policy,n_tasks,horizon,busy_ticks,utilization,deadline_miss,unfinished_jobs
75,FPP,8,200000,171804,0.859020,0,3
run_id,policy,n_tasks,horizon,busy_ticks,utilization,deadline_miss,unfinished_jobs
76,FPP,8,200000,149680,0.748400,0,0
run_id,policy,n_tasks,horizon,busy_ticks,utilization,deadline_miss,unfinished_jobs
77,FPP,8,200000,156814,0.784070,0,2
run_id,policy,n_tasks,horizon,busy_ticks,utilization,deadline_miss,unfinished_jobs
78,FPP,8,200000,155705,0.778525,0,0
run_id,policy,n_tasks,horizon,busy_ticks,utilization,deadline_miss,unfinished_jobs
79,FPP,8,200000,167173,0.835865,0,0
run_id,policy,n_tasks,horizon,busy_ticks,utilization,deadline_miss,unfinished_jobs
80,FPP,8,200000,151520,0.757600,0,0
run_id,policy,n_tasks,horizon,busy_ticks,utilization,deadline_miss,unfinished_jobs
81,FPP,8,200000,164327,0.821635,1,0
run_id,policy,n_tasks,horizon,busy_ticks,utilization,deadline_miss,unfinished_jobs
82,FPP,8,200000,164159,0.820795,1,2
run_id,policy,n_tasks,horizon,busy_ticks,utilization,deadline_miss,unfinished_jobs
83,FPP,8,200000,170389,0.851945,1,1
run_id,policy,n_tasks,horizon,busy_ticks,utilization,deadline_miss,unfinished_jobs
84,FPP,8,200000,148549,0.742745,0,4
run_id,policy,n_tasks,horizon,busy_ticks,utilization,deadline_miss,unfinished_jobs
85,FPP,8,200000,154303,0.771515,0,2
run_id,policy,n_tasks,horizon,busy_ticks,utilization,deadline_miss,unfinished_jobs
86,FPP,8,200000,163720,0.818600,0,0
run_id,policy,n_tasks,horizon,busy_ticks,utilization,deadline_miss,unfinished_jobs
87,FPP,8,200000,158610,0.793050,0,0
run_id,policy,n_tasks,horizon,busy_ticks,utilization,deadline_miss,unfinished_jobs
88,FPP,8,200000,161907,0.809535,1,1
run_id,policy,n_tasks,horizon,busy_ticks,utilization,deadline_miss,unfinished_jobs
89,FPP,8,200000,145737,0.728685,0,1
run_id,policy,n_tasks,horizon,busy_ticks,utilization,deadline_miss,unfinished_jobs
90,FPP,8,200000,160086,0.800430,0,1
run_id,policy,n_tasks,horizon,busy_ticks,utilization,deadline_miss,unfinished_jobs
91,FPP,8,200000,153436,0.767180,0,0
run_id,policy,n_tasks,horizon,busy_ticks,utilization,deadline_miss,unfinished_jobs
92,FPP,8,200000,156185,0.780925,0,0
run_id,policy,n_tasks,horizon,busy_ticks,utilization,deadline_miss,unfinished_jobs
93,FPP,8,200000,160473,0.802365,0,1
run_id,policy,n_tasks,horizon,busy_ticks,utilization,deadline_miss,unfinished_jobs
94,FPP,8,200000,156794,0.783970,0,0
run_id,policy,n_tasks,horizon,busy_ticks,utilization,deadline_miss,unfinished_jobs
95,FPP,8,200000,160215,0.801075,0,1
run_id,policy,n_tasks,horizon,busy_ticks,utilization,deadline_miss,unfinished_jobs
96,FPP,8,200000,157412,0.787060,0,1
run_id,policy,n_tasks,horizon,busy_ticks,utilization,deadline_miss,unfinished_jobs
97,FPP,8,200000,160982,0.804910,0,1
run_id,policy,n_tasks,horizon,busy_ticks,utilization,deadline_miss,unfinished_jobs
98,FPP,8,200000,160231,0.801155,0,0
run_id,policy,n_tasks,horizon,busy_ticks,utilization,deadline_miss,unfinished_jobs
99,FPP,8,200000,166814,0.834070,2,0
run_id,policy,n_tasks,horizon,busy_ticks,utilization,deadline_miss,unfinished_jobs
100,FPP,8,200000,159615,0.798075,0,1
run_id,policy,n_tasks,horizon,busy_ticks,utilization,deadline_miss,unfinished_jobs
101,FPP,8,200000,160833,0.804165,0,0
run_id,policy,n_tasks,horizon,busy_ticks,utilization,deadline_miss,unfinished_jobs
102,FPP,8,200000,165683,0.828415,0,0
run_id,policy,n_tasks,horizon,busy_ticks,utilization,deadline_miss,unfinished_jobs
103,FPP,8,200000,161307,0.806535,0,0
run_id,policy,n_tasks,horizon,busy_ticks,utilization,deadline_miss,unfinished_jobs
104,FPP,8,200000,150403,0.752015,0,1
run_id,policy,n_tasks,horizon,busy_ticks,utilization,deadline_miss,unfinished_jobs
105,FPP,8,200000,164486,0.822430,0,1
run_id,policy,n_tasks,horizon,busy_ticks,utilization,deadline_miss,unfinished_jobs
106,FPP,8,200000,161245,0.806225,0,0
run_id,policy,n_tasks,horizon,busy_ticks,utilization,deadline_miss,unfinished_jobs
107,FPP,8,200000,166219,0.831095,0,2
run_id,policy,n_tasks,horizon,busy_ticks,utilization,deadline_miss,unfinished_jobs
108,FPP,8,200000,161502,0.807510,0,0
run_id,policy,n_tasks,horizon,busy_ticks,utilization,deadline_miss,unfinished_jobs
109,FPP,8,200000,171302,0.856510,0,0
run_id,policy,n_tasks,horizon,busy_ticks,utilization,deadline_miss,unfinished_jobs
110,FPP,8,200000,164270,0.821350,0,1
run_id,policy,n_tasks,horizon,busy_ticks,utilization,deadline_miss,unfinished_jobs
111,FPP,8,200000,145795,0.728975,0,1
run_id,policy,n_tasks,horizon,busy_ticks,utilization,deadline_miss,unfinished_jobs
112,FPP,8,200000,158948,0.794740,0,1
run_id,policy,n_tasks,horizon,busy_ticks,utilization,deadline_miss,unfinished_jobs
113,FPP,8,200000,159818,0.799090,0,1
run_id,policy,n_tasks,horizon,busy_ticks,utilization,deadline_miss,unfinished_jobs
114,FPP,8,200000,174894,0.874470,0,0
run_id,policy,n_tasks,horizon,busy_ticks,utilization,deadline_miss,unfinished_jobs
115,FPP,8,200000,155983,0.779915,0,0
run_id,policy,n_tasks,horizon,busy_ticks,utilization,deadline_miss,unfinished_jobs
116,FPP,8,200000,154750,0.773750,0,0
run_id,policy,n_tasks,horizon,busy_ticks,utilization,deadline_miss,unfinished_jobs
117,FPP,8,200000,158353,0.791765,0,1
run_id,policy,n_tasks,horizon,busy_ticks,utilization,deadline_miss,unfinished_jobs
118,FPP,8,200000,165448,0.827240,0,0
run_id,policy,n_tasks,horizon,busy_ticks,utilization,deadline_miss,unfinished_jobs
119,FPP,8,200000,158743,0.793715,0,0
run_id,policy,n_tasks,horizon,busy_ticks,utilization,deadline_miss,unfinished_jobs
120,FPP,8,200000,163423,0.817115,0,0
run_id,policy,n_tasks,horizon,busy_ticks,utilization,deadline_miss,unfinished_jobs
121,FPP,8,200000,166298,0.831490,0,1
run_id,policy,n_tasks,horizon,busy_ticks,utilization,deadline_miss,unfinished_jobs
122,FPP,8,200000,155521,0.777605,0,0
run_id,policy,n_tasks,horizon,busy_ticks,utilization,deadline_miss,unfinished_jobs
123,FPP,8,200000,152938,0.764690,0,0
run_id,policy,n_tasks,horizon,busy_ticks,utilization,deadline_miss,unfinished_jobs
124,FPP,8,200000,158860,0.794300,0,1
run_id,policy,n_tasks,horizon,busy_ticks,utilization,deadline_miss,unfinished_jobs
125,FPP,8,200000,159126,0.795630,0,1
run_id,policy,n_tasks,horizon,busy_ticks,utilization,deadline_miss,unfinished_jobs
126,FPP,8,200000,146160,0.730800,0,0
run_id,policy,n_tasks,horizon,busy_ticks,utilization,deadline_miss,unfinished_jobs
127,FPP,8,200000,162818,0.814090,0,0
run_id,policy,n_tasks,horizon,busy_ticks,utilization,deadline_miss,unfinished_jobs
128,FPP,8,200000,156803,0.784015,0,1
run_id,policy,n_tasks,horizon,busy_ticks,utilization,deadline_miss,unfinished_jobs
129,FPP,8,200000,171165,0.855825,3,0
run_id,policy,n_tasks,horizon,busy_ticks,utilization,deadline_miss,unfinished_jobs
130,FPP,8,200000,149985,0.749925,0,0
run_id,policy,n_tasks,horizon,busy_ticks,utilization,deadline_miss,unfinished_jobs
131,FPP,8,200000,160845,0.804225,0,1
run_id,policy,n_tasks,horizon,busy_ticks,utilization,deadline_miss,unfinished_jobs
132,FPP,8,200000,157209,0.786045,0,1
run_id,policy,n_tasks,horizon,busy_ticks,utilization,deadline_miss,unfinished_jobs
133,FPP,8,200000,150911,0.754555,0,0
run_id,policy,n_tasks,horizon,busy_ticks,utilization,deadline_miss,unfinished_jobs
134,FPP,8,200000,164388,0.821940,1,0
run_id,policy,n_tasks,horizon,busy_ticks,utilization,deadline_miss,unfinished_jobs
135,FPP,8,200000,162041,0.810205,0,2
run_id,policy,n_tasks,horizon,busy_ticks,utilization,deadline_miss,unfinished_jobs
136,FPP,8,200000,158210,0.791050,0,2
run_id,policy,n_tasks,horizon,busy_ticks,utilization,deadline_miss,unfinished_jobs
137,FPP,8,200000,151414,0.757070,0,1
run_id,policy,n_tasks,horizon,busy_ticks,utilization,deadline_miss,unfinished_jobs
138,FPP,8,200000,155143,0.775715,0,2
run_id,policy,n_tasks,horizon,busy_ticks,utilization,deadline_miss,unfinished_jobs
139,FPP,8,200000,164947,0.824735,0,2
run_id,policy,n_tasks,horizon,busy_ticks,utilization,deadline_miss,unfinished_jobs
140,FPP,8,200000,148701,0.743505,0,1
run_id,policy,n_tasks,horizon,busy_ticks,utilization,deadline_miss,unfinished_jobs
141,FPP,8,200000,144646,0.723230,0,0
run_id,policy,n_tasks,horizon,busy_ticks,utilization,deadline_miss,unfinished_jobs
142,FPP,8,200000,161286,0.806430,0,0
run_id,policy,n_tasks,horizon,busy_ticks,utilization,deadline_miss,unfinished_jobs
143,FPP,8,200000,156695,0.783475,0,1
run_id,policy,n_tasks,horizon,busy_ticks,utilization,deadline_miss,unfinished_jobs
144,FPP,8,200000,157826,0.789130,0,0
run_id,policy,n_tasks,horizon,busy_ticks,utilization,deadline_miss,unfinished_jobs
145,FPP,8,200000,161004,0.805020,0,1
run_id,policy,n_tasks,horizon,busy_ticks,utilization,deadline_miss,unfinished_jobs
146,FPP,8,200000,151909,0.759545,0,1
run_id,policy,n_tasks,horizon,busy_ticks,utilization,deadline_miss,unfinished_jobs
147,FPP,8,200000,156389,0.781945,0,0
run_id,policy,n_tasks,horizon,busy_ticks,utilization,deadline_miss,unfinished_jobs
148,FPP,8,200000,164780,0.823900,0,1
run_id,policy,n_tasks,horizon,busy_ticks,utilization,deadline_miss,unfinished_jobs
149,FPP,8,200000,161034,0.805170,0,2
run_id,policy,n_tasks,horizon,busy_ticks,utilization,deadline_miss,unfinished_jobs
150,FPP,8,200000,160964,0.804820,0,1
run_id,policy,n_tasks,horizon,busy_ticks,utilization,deadline_miss,unfinished_jobs
151,FPP,8,200000,159087,0.795435,0,1
run_id,policy,n_tasks,horizon,busy_ticks,utilization,deadline_miss,unfinished_jobs
152,FPP,8,200000,166430,0.832150,1,0
run_id,policy,n_tasks,horizon,busy_ticks,utilization,deadline_miss,unfinished_jobs
153,FPP,8,200000,160280,0.801400,0,0
run_id,policy,n_tasks,horizon,busy_ticks,utilization,deadline_miss,unfinished_jobs
154,FPP,8,200000,151237,0.756185,0,1
run_id,policy,n_tasks,horizon,busy_ticks,utilization,deadline_miss,unfinished_jobs
155,FPP,8,200000,159460,0.797300,0,0
run_id,policy,n_tasks,horizon,busy_ticks,utilization,deadline_miss,unfinished_jobs
156,FPP,8,200000,162728,0.813640,0,1
run_id,policy,n_tasks,horizon,busy_ticks,utilization,deadline_miss,unfinished_jobs
157,FPP,8,200000,164695,0.823475,0,1
run_id,policy,n_tasks,horizon,busy_ticks,utilization,deadline_miss,unfinished_jobs
158,FPP,8,200000,164582,0.822910,0,0
run_id,policy,n_tasks,horizon,busy_ticks,utilization,deadline_miss,unfinished_jobs
159,FPP,8,200000,149239,0.746195,0,0
run_id,policy,n_tasks,horizon,busy_ticks,utilization,deadline_miss,unfinished_jobs
160,FPP,8,200000,154357,0.771785,0,0
run_id,policy,n_tasks,horizon,busy_ticks,utilization,deadline_miss,unfinished_jobs
161,FPP,8,200000,161243,0.806215,0,1
run_id,policy,n_tasks,horizon,busy_ticks,utilization,deadline_miss,unfinished_jobs
162,FPP,8,200000,156799,0.783995,0,1
run_id,policy,n_tasks,horizon,busy_ticks,utilization,deadline_miss,unfinished_jobs
163,FPP,8,200000,170115,0.850575,2,1
run_id,policy,n_tasks,horizon,busy_ticks,utilization,deadline_miss,unfinished_jobs
164,FPP,8,200000,162218,0.811090,0,0
run_id,policy,n_tasks,horizon,busy_ticks,utilization,deadline_miss,unfinished_jobs
165,FPP,8,200000,159515,0.797575,0,0
run_id,policy,n_tasks,horizon,busy_ticks,utilization,deadline_miss,unfinished_jobs
166,FPP,8,200000,166700,0.833500,0,2
run_id,policy,n_tasks,horizon,busy_ticks,utilization,deadline_miss,unfinished_jobs
167,FPP,8,200000,154699,0.773495,0,1
run_id,policy,n_tasks,horizon,busy_ticks,utilization,deadline_miss,unfinished_jobs
168,FPP,8,200000,154788,0.773940,0,1
run_id,policy,n_tasks,horizon,busy_ticks,utilization,deadline_miss,unfinished_jobs
169,FPP,8,200000,174730,0.873650,0,2
run_id,policy,n_tasks,horizon,busy_ticks,utilization,deadline_miss,unfinished_jobs
170,FPP,8,200000,160736,0.803680,0,0
run_id,policy,n_tasks,horizon,busy_ticks,utilization,deadline_miss,unfinished_jobs
171,FPP,8,200000,163259,0.816295,0,0
run_id,policy,n_tasks,horizon,busy_ticks,utilization,deadline_miss,unfinished_jobs
172,FPP,8,200000,157619,0.788095,0,1
run_id,policy,n_tasks,horizon,busy_ticks,utilization,deadline_miss,unfinished_jobs
173,FPP,8,200000,182973,0.914865,50,1
run_id,policy,n_tasks,horizon,busy_ticks,utilization,deadline_miss,unfinished_jobs
174,FPP,8,200000,159190,0.795950,0,0
run_id,policy,n_tasks,horizon,busy_ticks,utilization,deadline_miss,unfinished_jobs
175,FPP,8,200000,153424,0.767120,0,1
run_id,policy,n_tasks,horizon,busy_ticks,utilization,deadline_miss,unfinished_jobs
176,FPP,8,200000,159158,0.795790,0,1
run_id,policy,n_tasks,horizon,busy_ticks,utilization,deadline_miss,unfinished_jobs
177,FPP,8,200000,157243,0.786215,0,1
run_id,policy,n_tasks,horizon,busy_ticks,utilization,deadline_miss,unfinished_jobs
178,FPP,8,200000,160304,0.801520,0,0
run_id,policy,n_tasks,horizon,busy_ticks,utilization,deadline_miss,unfinished_jobs
179,FPP,8,200000,162198,0.810990,0,0
run_id,policy,n_tasks,horizon,busy_ticks,utilization,deadline_miss,unfinished_jobs
180,FPP,8,200000,162389,0.811945,0,2
run_id,policy,n_tasks,horizon,busy_ticks,utilization,deadline_miss,unfinished_jobs
181,FPP,8,200000,163977,0.819885,0,0
run_id,policy,n_tasks,horizon,busy_ticks,utilization,deadline_miss,unfinished_jobs
182,FPP,8,200000,159932,0.799660,1,1
run_id,policy,n_tasks,horizon,busy_ticks,utilization,deadline_miss,unfinished_jobs
183,FPP,8,200000,158655,0.793275,0,0
run_id,policy,n_tasks,horizon,busy_ticks,utilization,deadline_miss,unfinished_jobs
184,FPP,8,200000,139032,0.695160,0,0
run_id,policy,n_tasks,horizon,busy_ticks,utilization,deadline_miss,unfinished_jobs
185,FPP,8,200000,154345,0.771725,0,0
run_id,policy,n_tasks,horizon,busy_ticks,utilization,deadline_miss,unfinished_jobs
186,FPP,8,200000,158677,0.793385,0,1
run_id,policy,n_tasks,horizon,busy_ticks,utilization,deadline_miss,unfinished_jobs
187,FPP,8,200000,155095,0.775475,0,0
run_id,policy,n_tasks,horizon,busy_ticks,utilization,deadline_miss,unfinished_jobs
188,FPP,8,200000,158204,0.791020,0,0
run_id,policy,n_tasks,horizon,busy_ticks,utilization,deadline_miss,unfinished_jobs
189,FPP,8,200000,162600,0.813000,0,3
run_id,policy,n_tasks,horizon,busy_ticks,utilization,deadline_miss,unfinished_jobs
190,FPP,8,200000,153662,0.768310,0,2
run_id,policy,n_tasks,horizon,busy_ticks,utilization,deadline_miss,unfinished_jobs
191,FPP,8,200000,162282,0.811410,0,2
run_id,policy,n_tasks,horizon,busy_ticks,utilization,deadline_miss,unfinished_jobs
192,FPP,8,200000,152290,0.761450,0,0
run_id,policy,n_tasks,horizon,busy_ticks,utilization,deadline_miss,unfinished_jobs
193,FPP,8,200000,153369,0.766845,0,0
run_id,policy,n_tasks,horizon,busy_ticks,utilization,deadline_miss,unfinished_jobs
194,FPP,8,200000,162638,0.813190,0,0
run_id,policy,n_tasks,horizon,busy_ticks,utilization,deadline_miss,unfinished_jobs
195,FPP,8,200000,161363,0.806815,0,0
run_id,policy,n_tasks,horizon,busy_ticks,utilization,deadline_miss,unfinished_jobs
196,FPP,8,111384,85405,0.766762,0,0
run_id,policy,n_tasks,horizon,busy_ticks,utilization,deadline_miss,unfinished_jobs
197,FPP,8,200000,157469,0.787345,0,0
run_id,policy,n_tasks,horizon,busy_ticks,utilization,deadline_miss,unfinished_jobs
198,FPP,8,200000,160755,0.803775,0,1
run_id,policy,n_tasks,horizon,busy_ticks,utilization,deadline_miss,unfinished_jobs
199,FPP,8,200000,161762,0.808810,1,2
